{"schemaVersion":"1.0","appDefinitionTemplate":{"id":"/providers/Microsoft.PowerApps/apps/","type":"Microsoft.PowerApps/apps","tags":{"primaryDeviceWidth":"1366","primaryDeviceHeight":"768","supportsPortrait":"true","supportsLandscape":"true","primaryFormFactor":"Tablet","showStatusBar":"false","publisherVersion":"3.24092.19","minimumRequiredApiVersion":"2.2.0","hasComponent":"false","hasUnlockedComponent":"false","isUnifiedRootApp":"false","sienaVersion":"20241004T053443Z-3.24092.19.0"},"properties":{"appVersion":"2024-10-04T05:34:43Z","lifeCycleId":"Published","createdByClientVersion":{"major":3,"minor":24092,"build":19,"revision":0,"majorRevision":0,"minorRevision":0},"minClientVersion":{"major":3,"minor":24092,"build":19,"revision":0,"majorRevision":0,"minorRevision":0},"backgroundColor":"RGBA(0,176,240,1)","backgroundImageUri":"/8529039829305655064/N528a8690-f5f7-4ff8-907d-87a8562facaf-logoSmallFile","displayName":"Collection","description":"","commitMessage":"","appUris":{"documentUri":{"value":"/8529039829305655064/N64ae02ec-3159-4c7c-bf4a-14306bdb6e53-document.msapp"},"imageUris":[],"additionalUris":[{"isSolutionAware":false,"value":"/8529039829305655064/N40b56ed0-fd3a-446b-9b1a-a1b18f9614c3-identity.json"}]},"createdTime":"0001-01-01T00:00:00Z","lastModifiedTime":"0001-01-01T00:00:00Z","sharedGroupsCount":0,"sharedUsersCount":0,"connectionReferences":{},"databaseReferences":{},"almMode":"Environment","performanceOptimizationEnabled":false,"canConsumeAppPass":false,"enableModernRuntimeMode":false,"executionRestrictions":{"isTeamsOnly":false,"dataLossPreventionEvaluationResult":{"status":"Compliant","lastEvaluationDate":"2024-10-04T05:34:45.3236056Z","violations":[],"violationsByPolicy":[],"violationErrorMessage":"The app uses the following connectors: ."}}},"appType":"ClassicCanvasApp","appComponents":[]}}